,SteepestEdgeSwap,SteepestEdgeSwapListOfMoves
0,16809.0,16773.0
1,16809.0,16773.0
2,16809.0,16773.0
3,7.0365612506866455,9.737636089324951
4,7.0365612506866455,9.737636089324951
5,7.0365612506866455,9.737636089324951
