,SteepestEdgeSwap,SteepestEdgeSwapListOfMoves
0,17239.0,17239.0
1,17239.0,17239.0
2,17239.0,17239.0
3,6.808779716491699,9.814133167266846
4,6.808779716491699,9.814133167266846
5,6.808779716491699,9.814133167266846
