,SteepestEdgeSwap,SteepestEdgeSwapListOfMoves
0,11035.0,11114.0
1,11035.0,11114.0
2,11035.0,11114.0
3,0.8488326072692871,1.076207160949707
4,0.8488326072692871,1.076207160949707
5,0.8488326072692871,1.076207160949707
