,SteepestEdgeSwapListOfMoves,SteepestEdgeSwap
0,12449.0,11035.0
1,12449.0,11035.0
2,12449.0,11035.0
3,0.2708282470703125,0.8148090839385986
4,0.2708282470703125,0.8148090839385986
5,0.2708282470703125,0.8148090839385986
