,SteepestEdgeSwap,SteepestEdgeSwapListOfMoves
0,12087.0,12087.0
1,12087.0,12087.0
2,12087.0,12087.0
3,0.6873197555541992,0.8882665634155273
4,0.6873197555541992,0.8882665634155273
5,0.6873197555541992,0.8882665634155273
