,SteepestEdgeSwap,SteepestEdgeSwapListOfMoves
0,16809.0,16773.0
1,16809.0,16773.0
2,16809.0,16773.0
3,7.075596332550049,9.329240560531616
4,7.075596332550049,9.329240560531616
5,7.075596332550049,9.329240560531616
