,SteepestEdgeSwap,SteepestEdgeSwapListOfMoves
0,17239.0,17239.0
1,17239.0,17239.0
2,17239.0,17239.0
3,6.694117784500122,9.459479808807373
4,6.694117784500122,9.459479808807373
5,6.694117784500122,9.459479808807373
